profile,op,depth,channels,shape,elements,ms_per_iter,melems_per_sec,gb_per_sec
full,RESIZE_NEAREST,CV_8U,1,480x640->240x320,76800,0.146365,524.714533,2.623573
full,RESIZE_LINEAR,CV_8U,1,480x640->240x320,76800,1.542944,49.774989,0.248875
full,BOXFILTER_3X3,CV_8U,1,480x640,307200,5.239833,58.627824,0.117256
full,GAUSSIAN_5X5,CV_8U,1,480x640,307200,11.313198,27.154125,0.054308
full,RESIZE_NEAREST_F32,CV_32F,1,480x640->240x320,76800,0.251426,305.457912,6.109158
full,RESIZE_LINEAR_F32,CV_32F,1,480x640->240x320,76800,1.905964,40.294562,0.805891
full,BOXFILTER_3X3_F32,CV_32F,1,480x640,307200,10.364076,29.640849,0.237127
full,GAUSSIAN_5X5_F32,CV_32F,1,480x640,307200,13.452767,22.835452,0.182684
full,RESIZE_NEAREST,CV_8U,3,480x640->240x320,230400,0.262589,877.417468,4.387087
full,RESIZE_LINEAR,CV_8U,3,480x640->240x320,230400,3.508358,65.671753,0.328359
full,BOXFILTER_3X3,CV_8U,3,480x640,921600,12.763663,72.204979,0.144410
full,GAUSSIAN_5X5,CV_8U,3,480x640,921600,18.997223,48.512355,0.097025
full,RESIZE_NEAREST_F32,CV_32F,3,480x640->240x320,230400,0.387634,594.375106,11.887502
full,RESIZE_LINEAR_F32,CV_32F,3,480x640->240x320,230400,2.598329,88.672367,1.773447
full,BOXFILTER_3X3_F32,CV_32F,3,480x640,921600,30.558580,30.158469,0.241268
full,GAUSSIAN_5X5_F32,CV_32F,3,480x640,921600,39.992157,23.044519,0.184356
full,RESIZE_NEAREST,CV_8U,4,480x640->240x320,307200,0.295753,1038.703892,5.193519
full,RESIZE_LINEAR,CV_8U,4,480x640->240x320,307200,3.521258,87.241536,0.436208
full,BOXFILTER_3X3,CV_8U,4,480x640,1228800,16.435981,74.762803,0.149526
full,GAUSSIAN_5X5,CV_8U,4,480x640,1228800,22.958405,53.522882,0.107046
full,RESIZE_NEAREST_F32,CV_32F,4,480x640->240x320,307200,0.459414,668.678070,13.373561
full,RESIZE_LINEAR_F32,CV_32F,4,480x640->240x320,307200,3.078542,99.787500,1.995750
full,BOXFILTER_3X3_F32,CV_32F,4,480x640,1228800,40.673910,30.211012,0.241688
full,GAUSSIAN_5X5_F32,CV_32F,4,480x640,1228800,53.362620,23.027355,0.184219
full,CVTCOLOR_BGR2GRAY,CV_8U,3,480x640,307200,0.432308,710.604641,2.842419
full,CVTCOLOR_GRAY2BGR,CV_8U,1,480x640,921600,0.392938,2345.408778,3.127212
full,CVTCOLOR_BGR2RGB,CV_8U,3,480x640,921600,0.468898,1965.461116,3.930922
full,CVTCOLOR_BGR2BGRA,CV_8U,3,480x640,1228800,0.814447,1508.753051,2.640318
full,CVTCOLOR_BGRA2BGR,CV_8U,4,480x640,921600,0.725536,1270.232967,2.963877
full,CVTCOLOR_RGB2RGBA,CV_8U,3,480x640,1228800,0.837312,1467.552612,2.568217
full,CVTCOLOR_RGBA2RGB,CV_8U,4,480x640,921600,0.722027,1276.407091,2.978283
full,CVTCOLOR_BGR2RGBA,CV_8U,3,480x640,1228800,0.795350,1544.981169,2.703717
full,CVTCOLOR_RGBA2BGR,CV_8U,4,480x640,921600,0.699182,1318.112302,3.075595
full,CVTCOLOR_RGB2BGRA,CV_8U,3,480x640,1228800,0.794194,1547.228430,2.707650
full,CVTCOLOR_BGRA2RGB,CV_8U,4,480x640,921600,0.698070,1320.212197,3.080495
full,CVTCOLOR_BGRA2RGBA,CV_8U,4,480x640,1228800,0.724310,1696.511397,3.393023
full,CVTCOLOR_RGBA2BGRA,CV_8U,4,480x640,1228800,0.722805,1700.043345,3.400087
full,CVTCOLOR_GRAY2BGRA,CV_8U,1,480x640,1228800,0.637615,1927.182066,2.408978
full,CVTCOLOR_BGRA2GRAY,CV_8U,4,480x640,307200,0.519582,591.244500,2.956223
full,CVTCOLOR_GRAY2RGBA,CV_8U,1,480x640,1228800,0.635989,1932.109192,2.415136
full,CVTCOLOR_RGBA2GRAY,CV_8U,4,480x640,307200,0.512631,599.261574,2.996308
full,CVTCOLOR_BGR2YUV,CV_8U,3,480x640,921600,5.122658,179.906596,0.359813
full,CVTCOLOR_YUV2BGR,CV_8U,3,480x640,921600,11.094733,83.066440,0.166133
full,CVTCOLOR_RGB2YUV,CV_8U,3,480x640,921600,5.211153,176.851440,0.353703
full,CVTCOLOR_YUV2RGB,CV_8U,3,480x640,921600,11.021171,83.620879,0.167242
full,CVTCOLOR_BGR2YUV_NV12,CV_8U,3,480x640,460800,1.979203,232.820930,0.698463
full,CVTCOLOR_RGB2YUV_NV12,CV_8U,3,480x640,460800,1.968133,234.130554,0.702392
full,CVTCOLOR_BGR2YUV_NV21,CV_8U,3,480x640,460800,1.976069,233.190285,0.699571
full,CVTCOLOR_RGB2YUV_NV21,CV_8U,3,480x640,460800,1.967588,234.195418,0.702586
full,CVTCOLOR_BGR2YUV_I420,CV_8U,3,480x640,460800,2.365530,194.797791,0.584393
full,CVTCOLOR_RGB2YUV_I420,CV_8U,3,480x640,460800,2.382872,193.380049,0.580140
full,CVTCOLOR_BGR2YUV_YV12,CV_8U,3,480x640,460800,2.364559,194.877776,0.584633
full,CVTCOLOR_RGB2YUV_YV12,CV_8U,3,480x640,460800,2.387134,193.034795,0.579104
full,CVTCOLOR_BGR2YUV_NV24,CV_8U,3,480x640,921600,3.571545,258.039559,0.516079
full,CVTCOLOR_RGB2YUV_NV24,CV_8U,3,480x640,921600,3.559088,258.942740,0.517885
full,CVTCOLOR_BGR2YUV_NV42,CV_8U,3,480x640,921600,3.561048,258.800240,0.517600
full,CVTCOLOR_RGB2YUV_NV42,CV_8U,3,480x640,921600,3.554494,259.277381,0.518555
full,CVTCOLOR_BGR2YUV_NV16,CV_8U,3,480x640,614400,2.425859,253.271088,0.633178
full,CVTCOLOR_RGB2YUV_NV16,CV_8U,3,480x640,614400,2.354803,260.913590,0.652284
full,CVTCOLOR_BGR2YUV_NV61,CV_8U,3,480x640,614400,2.415524,254.354770,0.635887
full,CVTCOLOR_RGB2YUV_NV61,CV_8U,3,480x640,614400,2.367732,259.488827,0.648722
full,CVTCOLOR_BGR2YUV_YUY2,CV_8U,3,480x640,614400,2.350878,261.349142,0.653373
full,CVTCOLOR_RGB2YUV_YUY2,CV_8U,3,480x640,614400,2.360561,260.277167,0.650693
full,CVTCOLOR_BGR2YUV_UYVY,CV_8U,3,480x640,614400,2.371243,259.104569,0.647761
full,CVTCOLOR_RGB2YUV_UYVY,CV_8U,3,480x640,614400,2.360515,260.282151,0.650705
full,CVTCOLOR_BGR2YUV_I444,CV_8U,3,480x640,921600,3.599949,256.003641,0.512007
full,CVTCOLOR_RGB2YUV_I444,CV_8U,3,480x640,921600,3.622319,254.422671,0.508845
full,CVTCOLOR_BGR2YUV_YV24,CV_8U,3,480x640,921600,3.596704,256.234626,0.512469
full,CVTCOLOR_RGB2YUV_YV24,CV_8U,3,480x640,921600,3.621455,254.483343,0.508967
full,CVTCOLOR_YUV2BGR_NV12,CV_8U,1,480x640,921600,7.485272,123.121778,0.184683
full,CVTCOLOR_YUV2RGB_NV12,CV_8U,1,480x640,921600,7.480385,123.202218,0.184803
full,CVTCOLOR_YUV2BGR_NV21,CV_8U,1,480x640,921600,7.506068,122.780664,0.184171
full,CVTCOLOR_YUV2RGB_NV21,CV_8U,1,480x640,921600,7.443625,123.810652,0.185716
full,CVTCOLOR_YUV2BGR_I420,CV_8U,1,480x640,921600,8.850981,104.124056,0.156186
full,CVTCOLOR_YUV2RGB_I420,CV_8U,1,480x640,921600,8.783010,104.929853,0.157395
full,CVTCOLOR_YUV2BGR_YV12,CV_8U,1,480x640,921600,8.849628,104.139973,0.156210
full,CVTCOLOR_YUV2RGB_YV12,CV_8U,1,480x640,921600,8.808075,104.631265,0.156947
full,CVTCOLOR_YUV2BGR_I444,CV_8U,1,480x640,921600,9.263906,99.482879,0.198966
full,CVTCOLOR_YUV2RGB_I444,CV_8U,1,480x640,921600,9.344676,98.622999,0.197246
full,CVTCOLOR_YUV2BGR_YV24,CV_8U,1,480x640,921600,9.304852,99.045096,0.198090
full,CVTCOLOR_YUV2RGB_YV24,CV_8U,1,480x640,921600,9.350808,98.558330,0.197117
full,CVTCOLOR_YUV2BGR_NV16,CV_8U,1,480x640,921600,7.473271,123.319501,0.205533
full,CVTCOLOR_YUV2RGB_NV16,CV_8U,1,480x640,921600,7.476917,123.259353,0.205432
full,CVTCOLOR_YUV2BGR_NV61,CV_8U,1,480x640,921600,7.434392,123.964399,0.206607
full,CVTCOLOR_YUV2RGB_NV61,CV_8U,1,480x640,921600,7.450424,123.697665,0.206163
full,CVTCOLOR_YUV2BGR_NV24,CV_8U,1,480x640,921600,9.381025,98.240862,0.196482
full,CVTCOLOR_YUV2RGB_NV24,CV_8U,1,480x640,921600,9.277994,99.331812,0.198664
full,CVTCOLOR_YUV2BGR_NV42,CV_8U,1,480x640,921600,9.373164,98.323252,0.196647
full,CVTCOLOR_YUV2RGB_NV42,CV_8U,1,480x640,921600,9.333326,98.742930,0.197486
full,CVTCOLOR_YUV2BGR_YUY2,CV_8U,2,480x640,921600,7.173762,128.468154,0.214114
full,CVTCOLOR_YUV2RGB_YUY2,CV_8U,2,480x640,921600,7.215938,127.717278,0.212862
full,CVTCOLOR_YUV2BGR_UYVY,CV_8U,2,480x640,921600,7.165006,128.625145,0.214375
full,CVTCOLOR_YUV2RGB_UYVY,CV_8U,2,480x640,921600,7.224049,127.573894,0.212623
full,CVTCOLOR_BGR2GRAY_F32,CV_32F,3,480x640,307200,0.425137,722.590090,11.561441
full,CVTCOLOR_GRAY2BGR_F32,CV_32F,1,480x640,921600,0.431679,2134.917224,11.386225
full,CVTCOLOR_BGR2RGB_F32,CV_32F,3,480x640,921600,0.485203,1899.410391,15.195283
full,CVTCOLOR_BGR2BGRA_F32,CV_32F,3,480x640,1228800,0.815369,1507.047729,10.549334
full,CVTCOLOR_BGRA2BGR_F32,CV_32F,4,480x640,921600,0.745765,1235.777861,11.533927
full,CVTCOLOR_RGB2RGBA_F32,CV_32F,3,480x640,1228800,0.814861,1507.987437,10.555912
full,CVTCOLOR_RGBA2RGB_F32,CV_32F,4,480x640,921600,0.747340,1233.173491,11.509619
full,CVTCOLOR_BGR2RGBA_F32,CV_32F,3,480x640,1228800,0.820398,1497.808869,10.484662
full,CVTCOLOR_RGBA2BGR_F32,CV_32F,4,480x640,921600,0.715718,1287.658708,12.018148
full,CVTCOLOR_RGB2BGRA_F32,CV_32F,3,480x640,1228800,0.822421,1494.124908,10.458874
full,CVTCOLOR_BGRA2RGB_F32,CV_32F,4,480x640,921600,0.717489,1284.479802,11.988478
full,CVTCOLOR_BGRA2RGBA_F32,CV_32F,4,480x640,1228800,0.755338,1626.821370,13.014571
full,CVTCOLOR_RGBA2BGRA_F32,CV_32F,4,480x640,1228800,0.761773,1613.078750,12.904630
full,CVTCOLOR_GRAY2BGRA_F32,CV_32F,1,480x640,1228800,0.634487,1936.683011,9.683415
full,CVTCOLOR_BGRA2GRAY_F32,CV_32F,4,480x640,307200,0.506058,607.044562,12.140891
full,CVTCOLOR_GRAY2RGBA_F32,CV_32F,1,480x640,1228800,0.635073,1934.895673,9.674478
full,CVTCOLOR_RGBA2GRAY_F32,CV_32F,4,480x640,307200,0.493275,622.775963,12.455519
full,CVTCOLOR_BGR2YUV_F32,CV_32F,3,480x640,921600,1.367811,673.777544,5.390220
full,CVTCOLOR_YUV2BGR_F32,CV_32F,3,480x640,921600,1.299271,709.321006,5.674568
full,CVTCOLOR_RGB2YUV_F32,CV_32F,3,480x640,921600,1.354162,680.568600,5.444549
full,CVTCOLOR_YUV2RGB_F32,CV_32F,3,480x640,921600,1.334541,690.574512,5.524596
full,THRESH_BINARY,CV_8U,1,480x640,307200,1.908923,160.928457,0.321857
full,THRESH_BINARY,CV_8U,3,480x640,921600,5.730887,160.812797,0.321626
full,THRESH_BINARY_F32,CV_32F,1,480x640,307200,2.155674,142.507653,1.140061
full,THRESH_BINARY_F32,CV_32F,3,480x640,921600,6.479559,142.231908,1.137855
full,THRESH_BINARY_F32,CV_32F,4,480x640,1228800,8.476455,144.966269,1.159730
full,RESIZE_NEAREST,CV_8U,1,720x1280->360x640,230400,0.398070,578.792093,2.893960
full,RESIZE_LINEAR,CV_8U,1,720x1280->360x640,230400,3.714849,62.021365,0.310107
full,BOXFILTER_3X3,CV_8U,1,720x1280,921600,14.184786,64.971018,0.129942
full,GAUSSIAN_5X5,CV_8U,1,720x1280,921600,33.962957,27.135446,0.054271
full,RESIZE_NEAREST_F32,CV_32F,1,720x1280->360x640,230400,0.756527,304.549486,6.090990
full,RESIZE_LINEAR_F32,CV_32F,1,720x1280->360x640,230400,5.717860,40.294793,0.805896
full,BOXFILTER_3X3_F32,CV_32F,1,720x1280,921600,31.160041,29.576341,0.236611
full,GAUSSIAN_5X5_F32,CV_32F,1,720x1280,921600,40.318456,22.858018,0.182864
full,RESIZE_NEAREST,CV_8U,3,720x1280->360x640,691200,0.790320,874.582780,4.372914
full,RESIZE_LINEAR,CV_8U,3,720x1280->360x640,691200,10.505516,65.794007,0.328970
full,BOXFILTER_3X3,CV_8U,3,720x1280,2764800,38.378517,72.040304,0.144081
full,GAUSSIAN_5X5,CV_8U,3,720x1280,2764800,56.870330,48.615860,0.097232
full,RESIZE_NEAREST_F32,CV_32F,3,720x1280->360x640,691200,1.160784,595.459620,11.909192
full,RESIZE_LINEAR_F32,CV_32F,3,720x1280->360x640,691200,7.793331,88.691218,1.773824
full,BOXFILTER_3X3_F32,CV_32F,3,720x1280,2764800,91.638662,30.170672,0.241365
full,GAUSSIAN_5X5_F32,CV_32F,3,720x1280,2764800,120.053401,23.029751,0.184238
full,RESIZE_NEAREST,CV_8U,4,720x1280->360x640,921600,0.882406,1044.417669,5.222088
full,RESIZE_LINEAR,CV_8U,4,720x1280->360x640,921600,10.747062,85.753668,0.428768
full,BOXFILTER_3X3,CV_8U,4,720x1280,3686400,49.379975,74.653743,0.149307
full,GAUSSIAN_5X5,CV_8U,4,720x1280,3686400,68.914701,53.492215,0.106984
full,RESIZE_NEAREST_F32,CV_32F,4,720x1280->360x640,921600,1.380990,667.347531,13.346951
full,RESIZE_LINEAR_F32,CV_32F,4,720x1280->360x640,921600,9.188809,100.295912,2.005918
full,BOXFILTER_3X3_F32,CV_32F,4,720x1280,3686400,121.924801,30.235030,0.241880
full,GAUSSIAN_5X5_F32,CV_32F,4,720x1280,3686400,159.048855,23.177784,0.185422
full,CVTCOLOR_BGR2GRAY,CV_8U,3,720x1280,921600,1.292152,713.228619,2.852914
full,CVTCOLOR_GRAY2BGR,CV_8U,1,720x1280,2764800,1.162864,2377.577504,3.170103
full,CVTCOLOR_BGR2RGB,CV_8U,3,720x1280,2764800,1.402613,1971.178361,3.942357
full,CVTCOLOR_BGR2BGRA,CV_8U,3,720x1280,3686400,2.441146,1510.110106,2.642693
full,CVTCOLOR_BGRA2BGR,CV_8U,4,720x1280,2764800,2.161575,1279.067288,2.984490
full,CVTCOLOR_RGB2RGBA,CV_8U,3,720x1280,3686400,2.443887,1508.416962,2.639730
full,CVTCOLOR_RGBA2RGB,CV_8U,4,720x1280,2764800,2.161733,1278.973624,2.984272
full,CVTCOLOR_BGR2RGBA,CV_8U,3,720x1280,3686400,2.375191,1552.043865,2.716077
full,CVTCOLOR_RGBA2BGR,CV_8U,4,720x1280,2764800,2.084669,1326.253967,3.094593
full,CVTCOLOR_RGB2BGRA,CV_8U,3,720x1280,3686400,2.374296,1552.628784,2.717100
full,CVTCOLOR_BGRA2RGB,CV_8U,4,720x1280,2764800,2.085401,1325.788245,3.093506
full,CVTCOLOR_BGRA2RGBA,CV_8U,4,720x1280,3686400,2.160953,1705.914090,3.411828
full,CVTCOLOR_RGBA2BGRA,CV_8U,4,720x1280,3686400,2.158076,1708.187824,3.416376
full,CVTCOLOR_GRAY2BGRA,CV_8U,1,720x1280,3686400,1.901368,1938.814580,2.423518
full,CVTCOLOR_BGRA2GRAY,CV_8U,4,720x1280,921600,1.559376,591.005481,2.955027
full,CVTCOLOR_GRAY2RGBA,CV_8U,1,720x1280,3686400,1.914655,1925.359821,2.406700
full,CVTCOLOR_RGBA2GRAY,CV_8U,4,720x1280,921600,1.538124,599.171263,2.995856
full,CVTCOLOR_BGR2YUV,CV_8U,3,720x1280,2764800,15.355704,180.050364,0.360101
full,CVTCOLOR_YUV2BGR,CV_8U,3,720x1280,2764800,33.255953,83.136995,0.166274
full,CVTCOLOR_RGB2YUV,CV_8U,3,720x1280,2764800,15.649811,176.666666,0.353333
full,CVTCOLOR_YUV2RGB,CV_8U,3,720x1280,2764800,33.084326,83.568274,0.167137
full,CVTCOLOR_BGR2YUV_NV12,CV_8U,3,720x1280,1382400,5.947596,232.430036,0.697290
full,CVTCOLOR_RGB2YUV_NV12,CV_8U,3,720x1280,1382400,5.910046,233.906821,0.701720
full,CVTCOLOR_BGR2YUV_NV21,CV_8U,3,720x1280,1382400,5.932289,233.029800,0.699089
full,CVTCOLOR_RGB2YUV_NV21,CV_8U,3,720x1280,1382400,5.905376,234.091791,0.702275
full,CVTCOLOR_BGR2YUV_I420,CV_8U,3,720x1280,1382400,7.096335,194.804791,0.584414
full,CVTCOLOR_RGB2YUV_I420,CV_8U,3,720x1280,1382400,7.155632,193.190480,0.579571
full,CVTCOLOR_BGR2YUV_YV12,CV_8U,3,720x1280,1382400,7.086906,195.063967,0.585192
full,CVTCOLOR_RGB2YUV_YV12,CV_8U,3,720x1280,1382400,7.148380,193.386463,0.580159
full,CVTCOLOR_BGR2YUV_NV24,CV_8U,3,720x1280,2764800,10.722008,257.862137,0.515724
full,CVTCOLOR_RGB2YUV_NV24,CV_8U,3,720x1280,2764800,10.689849,258.637891,0.517276
full,CVTCOLOR_BGR2YUV_NV42,CV_8U,3,720x1280,2764800,10.694904,258.515640,0.517031
full,CVTCOLOR_RGB2YUV_NV42,CV_8U,3,720x1280,2764800,10.675495,258.985656,0.517971
full,CVTCOLOR_BGR2YUV_NV16,CV_8U,3,720x1280,1843200,7.253910,254.097463,0.635244
full,CVTCOLOR_RGB2YUV_NV16,CV_8U,3,720x1280,1843200,7.056737,261.197208,0.652993
full,CVTCOLOR_BGR2YUV_NV61,CV_8U,3,720x1280,1843200,7.241627,254.528433,0.636321
full,CVTCOLOR_RGB2YUV_NV61,CV_8U,3,720x1280,1843200,7.103884,259.463685,0.648659
full,CVTCOLOR_BGR2YUV_YUY2,CV_8U,3,720x1280,1843200,7.020841,262.532640,0.656332
full,CVTCOLOR_RGB2YUV_YUY2,CV_8U,3,720x1280,1843200,7.075136,260.517949,0.651295
full,CVTCOLOR_BGR2YUV_UYVY,CV_8U,3,720x1280,1843200,7.100801,259.576338,0.648941
full,CVTCOLOR_RGB2YUV_UYVY,CV_8U,3,720x1280,1843200,7.083822,260.198502,0.650496
full,CVTCOLOR_BGR2YUV_I444,CV_8U,3,720x1280,2764800,10.770675,256.697004,0.513394
full,CVTCOLOR_RGB2YUV_I444,CV_8U,3,720x1280,2764800,10.855411,254.693254,0.509387
full,CVTCOLOR_BGR2YUV_YV24,CV_8U,3,720x1280,2764800,10.813733,255.674900,0.511350
full,CVTCOLOR_RGB2YUV_YV24,CV_8U,3,720x1280,2764800,10.858417,254.622739,0.509245
full,CVTCOLOR_YUV2BGR_NV12,CV_8U,1,720x1280,2764800,22.433328,123.245200,0.184868
full,CVTCOLOR_YUV2RGB_NV12,CV_8U,1,720x1280,2764800,22.406330,123.393702,0.185091
full,CVTCOLOR_YUV2BGR_NV21,CV_8U,1,720x1280,2764800,22.280699,124.089462,0.186134
full,CVTCOLOR_YUV2RGB_NV21,CV_8U,1,720x1280,2764800,22.278010,124.104443,0.186157
full,CVTCOLOR_YUV2BGR_I420,CV_8U,1,720x1280,2764800,26.532563,104.204032,0.156306
full,CVTCOLOR_YUV2RGB_I420,CV_8U,1,720x1280,2764800,26.376002,104.822556,0.157234
full,CVTCOLOR_YUV2BGR_YV12,CV_8U,1,720x1280,2764800,26.530102,104.213695,0.156321
full,CVTCOLOR_YUV2RGB_YV12,CV_8U,1,720x1280,2764800,26.356739,104.899168,0.157349
full,CVTCOLOR_YUV2BGR_I444,CV_8U,1,720x1280,2764800,27.824128,99.366994,0.198734
full,CVTCOLOR_YUV2RGB_I444,CV_8U,1,720x1280,2764800,27.904577,99.080522,0.198161
full,CVTCOLOR_YUV2BGR_YV24,CV_8U,1,720x1280,2764800,27.851810,99.268236,0.198536
full,CVTCOLOR_YUV2RGB_YV24,CV_8U,1,720x1280,2764800,28.071737,98.490521,0.196981
full,CVTCOLOR_YUV2BGR_NV16,CV_8U,1,720x1280,2764800,22.344220,123.736698,0.206228
full,CVTCOLOR_YUV2RGB_NV16,CV_8U,1,720x1280,2764800,22.394473,123.459034,0.205765
full,CVTCOLOR_YUV2BGR_NV61,CV_8U,1,720x1280,2764800,22.244095,124.293662,0.207156
full,CVTCOLOR_YUV2RGB_NV61,CV_8U,1,720x1280,2764800,22.319260,123.875075,0.206458
full,CVTCOLOR_YUV2BGR_NV24,CV_8U,1,720x1280,2764800,28.128084,98.293222,0.196586
full,CVTCOLOR_YUV2RGB_NV24,CV_8U,1,720x1280,2764800,27.965581,98.864387,0.197729
full,CVTCOLOR_YUV2BGR_NV42,CV_8U,1,720x1280,2764800,28.008599,98.712542,0.197425
full,CVTCOLOR_YUV2RGB_NV42,CV_8U,1,720x1280,2764800,28.017196,98.682254,0.197365
full,CVTCOLOR_YUV2BGR_YUY2,CV_8U,2,720x1280,2764800,21.579041,128.124322,0.213541
full,CVTCOLOR_YUV2RGB_YUY2,CV_8U,2,720x1280,2764800,21.605996,127.964477,0.213274
full,CVTCOLOR_YUV2BGR_UYVY,CV_8U,2,720x1280,2764800,21.577944,128.130836,0.213551
full,CVTCOLOR_YUV2RGB_UYVY,CV_8U,2,720x1280,2764800,21.652905,127.687253,0.212812
full,CVTCOLOR_BGR2GRAY_F32,CV_32F,3,720x1280,921600,1.274522,723.094562,11.569513
full,CVTCOLOR_GRAY2BGR_F32,CV_32F,1,720x1280,2764800,1.292696,2138.785421,11.406856
full,CVTCOLOR_BGR2RGB_F32,CV_32F,3,720x1280,2764800,1.462185,1890.869320,15.126955
full,CVTCOLOR_BGR2BGRA_F32,CV_32F,3,720x1280,3686400,2.444310,1508.155923,10.557091
full,CVTCOLOR_BGRA2BGR_F32,CV_32F,4,720x1280,2764800,2.239502,1234.560294,11.522563
full,CVTCOLOR_RGB2RGBA_F32,CV_32F,3,720x1280,3686400,2.444822,1507.840143,10.554881
full,CVTCOLOR_RGBA2RGB_F32,CV_32F,4,720x1280,2764800,2.242149,1233.102816,11.508960
full,CVTCOLOR_BGR2RGBA_F32,CV_32F,3,720x1280,3686400,2.460449,1498.263183,10.487842
full,CVTCOLOR_RGBA2BGR_F32,CV_32F,4,720x1280,2764800,2.153958,1283.590428,11.980177
full,CVTCOLOR_RGB2BGRA_F32,CV_32F,3,720x1280,3686400,2.459003,1499.144104,10.494009
full,CVTCOLOR_BGRA2RGB_F32,CV_32F,4,720x1280,2764800,2.168798,1274.807520,11.898204
full,CVTCOLOR_BGRA2RGBA_F32,CV_32F,4,720x1280,3686400,2.274854,1620.499388,12.963995
full,CVTCOLOR_RGBA2BGRA_F32,CV_32F,4,720x1280,3686400,2.271203,1623.104298,12.984834
full,CVTCOLOR_GRAY2BGRA_F32,CV_32F,1,720x1280,3686400,1.901447,1938.734333,9.693672
full,CVTCOLOR_BGRA2GRAY_F32,CV_32F,4,720x1280,921600,1.516128,607.864284,12.157286
full,CVTCOLOR_GRAY2RGBA_F32,CV_32F,1,720x1280,3686400,1.902290,1937.874572,9.689373
full,CVTCOLOR_RGBA2GRAY_F32,CV_32F,4,720x1280,921600,1.479535,622.898326,12.457967
full,CVTCOLOR_BGR2YUV_F32,CV_32F,3,720x1280,2764800,4.103283,673.801962,5.390416
full,CVTCOLOR_YUV2BGR_F32,CV_32F,3,720x1280,2764800,3.910949,706.938320,5.655507
full,CVTCOLOR_RGB2YUV_F32,CV_32F,3,720x1280,2764800,4.074625,678.540987,5.428328
full,CVTCOLOR_YUV2RGB_F32,CV_32F,3,720x1280,2764800,3.922952,704.775365,5.638203
full,THRESH_BINARY,CV_8U,1,720x1280,921600,5.729051,160.864350,0.321729
full,THRESH_BINARY,CV_8U,3,720x1280,2764800,17.189845,160.839150,0.321678
full,THRESH_BINARY_F32,CV_32F,1,720x1280,921600,6.562575,140.432676,1.123461
full,THRESH_BINARY_F32,CV_32F,3,720x1280,2764800,19.334029,143.001752,1.144014
full,THRESH_BINARY_F32,CV_32F,4,720x1280,3686400,25.783159,142.977047,1.143816
full,RESIZE_NEAREST,CV_8U,1,1080x1920->540x960,518400,0.889940,582.511442,2.912557
full,RESIZE_LINEAR,CV_8U,1,1080x1920->540x960,518400,8.450502,61.345467,0.306727
full,BOXFILTER_3X3,CV_8U,1,1080x1920,2073600,31.854222,65.096552,0.130193
full,GAUSSIAN_5X5,CV_8U,1,1080x1920,2073600,76.262684,27.190231,0.054380
full,RESIZE_NEAREST_F32,CV_32F,1,1080x1920->540x960,518400,1.699312,305.064674,6.101293
full,RESIZE_LINEAR_F32,CV_32F,1,1080x1920->540x960,518400,12.866203,40.291607,0.805832
full,BOXFILTER_3X3_F32,CV_32F,1,1080x1920,2073600,70.157448,29.556377,0.236451
full,GAUSSIAN_5X5_F32,CV_32F,1,1080x1920,2073600,90.658252,22.872711,0.182982
full,RESIZE_NEAREST,CV_8U,3,1080x1920->540x960,1555200,1.742032,892.750689,4.463753
full,RESIZE_LINEAR,CV_8U,3,1080x1920->540x960,1555200,23.172081,67.115249,0.335576
full,BOXFILTER_3X3,CV_8U,3,1080x1920,6220800,85.677119,72.607484,0.145215
full,GAUSSIAN_5X5,CV_8U,3,1080x1920,6220800,127.827582,48.665553,0.097331
full,RESIZE_NEAREST_F32,CV_32F,3,1080x1920->540x960,1555200,2.624362,592.601083,11.852022
full,RESIZE_LINEAR_F32,CV_32F,3,1080x1920->540x960,1555200,17.535847,88.686905,1.773738
full,BOXFILTER_3X3_F32,CV_32F,3,1080x1920,6220800,206.200431,30.168705,0.241350
full,GAUSSIAN_5X5_F32,CV_32F,3,1080x1920,6220800,269.432767,23.088506,0.184708
full,RESIZE_NEAREST,CV_8U,4,1080x1920->540x960,2073600,1.961888,1056.941285,5.284706
full,RESIZE_LINEAR,CV_8U,4,1080x1920->540x960,2073600,23.736506,87.359109,0.436796
full,BOXFILTER_3X3,CV_8U,4,1080x1920,8294400,111.223672,74.574053,0.149148
full,GAUSSIAN_5X5,CV_8U,4,1080x1920,8294400,154.399163,53.720499,0.107441
full,RESIZE_NEAREST_F32,CV_32F,4,1080x1920->540x960,2073600,3.158674,656.478003,13.129560
full,RESIZE_LINEAR_F32,CV_32F,4,1080x1920->540x960,2073600,20.679718,100.272160,2.005443
full,BOXFILTER_3X3_F32,CV_32F,4,1080x1920,8294400,274.249689,30.243972,0.241952
full,GAUSSIAN_5X5_F32,CV_32F,4,1080x1920,8294400,359.846773,23.049811,0.184398
full,CVTCOLOR_BGR2GRAY,CV_8U,3,1080x1920,2073600,2.909052,712.809534,2.851238
full,CVTCOLOR_GRAY2BGR,CV_8U,1,1080x1920,6220800,2.632059,2363.472765,3.151297
full,CVTCOLOR_BGR2RGB,CV_8U,3,1080x1920,6220800,3.156458,1970.816469,3.941633
full,CVTCOLOR_BGR2BGRA,CV_8U,3,1080x1920,8294400,5.497499,1508.758746,2.640328
full,CVTCOLOR_BGRA2BGR,CV_8U,4,1080x1920,6220800,4.867084,1278.136997,2.982320
full,CVTCOLOR_RGB2RGBA,CV_8U,3,1080x1920,8294400,5.495184,1509.394463,2.641440
full,CVTCOLOR_RGBA2RGB,CV_8U,4,1080x1920,6220800,4.874710,1276.137400,2.977654
full,CVTCOLOR_BGR2RGBA,CV_8U,3,1080x1920,8294400,5.348643,1550.748567,2.713810
full,CVTCOLOR_RGBA2BGR,CV_8U,4,1080x1920,6220800,4.727914,1315.760085,3.070107
full,CVTCOLOR_RGB2BGRA,CV_8U,3,1080x1920,8294400,5.399247,1536.214330,2.688375
full,CVTCOLOR_BGRA2RGB,CV_8U,4,1080x1920,6220800,4.707880,1321.359111,3.083171
full,CVTCOLOR_BGRA2RGBA,CV_8U,4,1080x1920,8294400,4.868410,1703.718393,3.407437
full,CVTCOLOR_RGBA2BGRA,CV_8U,4,1080x1920,8294400,4.859120,1706.975819,3.413952
full,CVTCOLOR_GRAY2BGRA,CV_8U,1,1080x1920,8294400,4.321636,1919.273164,2.399091
full,CVTCOLOR_BGRA2GRAY,CV_8U,4,1080x1920,2073600,3.517037,589.587218,2.947936
full,CVTCOLOR_GRAY2RGBA,CV_8U,1,1080x1920,8294400,4.331159,1915.053267,2.393817
full,CVTCOLOR_RGBA2GRAY,CV_8U,4,1080x1920,2073600,3.453278,600.472925,3.002365
full,CVTCOLOR_BGR2YUV,CV_8U,3,1080x1920,6220800,34.593521,179.825582,0.359651
full,CVTCOLOR_YUV2BGR,CV_8U,3,1080x1920,6220800,74.922739,83.029533,0.166059
full,CVTCOLOR_RGB2YUV,CV_8U,3,1080x1920,6220800,35.454309,175.459632,0.350919
full,CVTCOLOR_YUV2RGB,CV_8U,3,1080x1920,6220800,74.663881,83.317394,0.166635
full,CVTCOLOR_BGR2YUV_NV12,CV_8U,3,1080x1920,3110400,13.372614,232.594762,0.697784
full,CVTCOLOR_RGB2YUV_NV12,CV_8U,3,1080x1920,3110400,13.375281,232.548387,0.697645
full,CVTCOLOR_BGR2YUV_NV21,CV_8U,3,1080x1920,3110400,13.371649,232.611555,0.697835
full,CVTCOLOR_RGB2YUV_NV21,CV_8U,3,1080x1920,3110400,13.348108,233.021797,0.699065
full,CVTCOLOR_BGR2YUV_I420,CV_8U,3,1080x1920,3110400,15.965026,194.825870,0.584478
full,CVTCOLOR_RGB2YUV_I420,CV_8U,3,1080x1920,3110400,16.099233,193.201749,0.579605
full,CVTCOLOR_BGR2YUV_YV12,CV_8U,3,1080x1920,3110400,15.961316,194.871149,0.584613
full,CVTCOLOR_RGB2YUV_YV12,CV_8U,3,1080x1920,3110400,16.225174,191.702103,0.575106
full,CVTCOLOR_BGR2YUV_NV24,CV_8U,3,1080x1920,6220800,24.222725,256.816684,0.513633
full,CVTCOLOR_RGB2YUV_NV24,CV_8U,3,1080x1920,6220800,24.100662,258.117395,0.516235
full,CVTCOLOR_BGR2YUV_NV42,CV_8U,3,1080x1920,6220800,24.147746,257.614102,0.515228
full,CVTCOLOR_RGB2YUV_NV42,CV_8U,3,1080x1920,6220800,24.083156,258.305019,0.516610
full,CVTCOLOR_BGR2YUV_NV16,CV_8U,3,1080x1920,4147200,16.308581,254.295573,0.635739
full,CVTCOLOR_RGB2YUV_NV16,CV_8U,3,1080x1920,4147200,15.878307,261.186539,0.652966
full,CVTCOLOR_BGR2YUV_NV61,CV_8U,3,1080x1920,4147200,16.286543,254.639679,0.636599
full,CVTCOLOR_RGB2YUV_NV61,CV_8U,3,1080x1920,4147200,15.985570,259.433982,0.648585
full,CVTCOLOR_BGR2YUV_YUY2,CV_8U,3,1080x1920,4147200,15.826750,262.037368,0.655093
full,CVTCOLOR_RGB2YUV_YUY2,CV_8U,3,1080x1920,4147200,15.907996,260.699090,0.651748
full,CVTCOLOR_BGR2YUV_UYVY,CV_8U,3,1080x1920,4147200,15.964807,259.771377,0.649428
full,CVTCOLOR_RGB2YUV_UYVY,CV_8U,3,1080x1920,4147200,15.925606,260.410806,0.651027
full,CVTCOLOR_BGR2YUV_I444,CV_8U,3,1080x1920,6220800,24.415525,254.788708,0.509577
full,CVTCOLOR_RGB2YUV_I444,CV_8U,3,1080x1920,6220800,24.686510,251.991875,0.503984
full,CVTCOLOR_BGR2YUV_YV24,CV_8U,3,1080x1920,6220800,24.443981,254.492102,0.508984
full,CVTCOLOR_RGB2YUV_YV24,CV_8U,3,1080x1920,6220800,24.677048,252.088495,0.504177
full,CVTCOLOR_YUV2BGR_NV12,CV_8U,1,1080x1920,6220800,50.493400,123.200260,0.184800
full,CVTCOLOR_YUV2RGB_NV12,CV_8U,1,1080x1920,6220800,50.406849,123.411800,0.185118
full,CVTCOLOR_YUV2BGR_NV21,CV_8U,1,1080x1920,6220800,50.346167,123.560548,0.185341
full,CVTCOLOR_YUV2RGB_NV21,CV_8U,1,1080x1920,6220800,50.275265,123.734804,0.185602
full,CVTCOLOR_YUV2BGR_I420,CV_8U,1,1080x1920,6220800,59.768457,104.081657,0.156122
full,CVTCOLOR_YUV2RGB_I420,CV_8U,1,1080x1920,6220800,59.468191,104.607184,0.156911
full,CVTCOLOR_YUV2BGR_YV12,CV_8U,1,1080x1920,6220800,59.856102,103.929253,0.155894
full,CVTCOLOR_YUV2RGB_YV12,CV_8U,1,1080x1920,6220800,59.663695,104.264411,0.156397
full,CVTCOLOR_YUV2BGR_I444,CV_8U,1,1080x1920,6220800,62.978871,98.775985,0.197552
full,CVTCOLOR_YUV2RGB_I444,CV_8U,1,1080x1920,6220800,64.469808,96.491679,0.192983
full,CVTCOLOR_YUV2BGR_YV24,CV_8U,1,1080x1920,6220800,65.972277,94.294153,0.188588
full,CVTCOLOR_YUV2RGB_YV24,CV_8U,1,1080x1920,6220800,63.175559,98.468460,0.196937
full,CVTCOLOR_YUV2BGR_NV16,CV_8U,1,1080x1920,6220800,50.231673,123.842182,0.206404
full,CVTCOLOR_YUV2RGB_NV16,CV_8U,1,1080x1920,6220800,50.334810,123.588426,0.205981
full,CVTCOLOR_YUV2BGR_NV61,CV_8U,1,1080x1920,6220800,50.126662,124.101622,0.206836
full,CVTCOLOR_YUV2RGB_NV61,CV_8U,1,1080x1920,6220800,50.195487,123.931461,0.206552
full,CVTCOLOR_YUV2BGR_NV24,CV_8U,1,1080x1920,6220800,63.495571,97.972188,0.195944
full,CVTCOLOR_YUV2RGB_NV24,CV_8U,1,1080x1920,6220800,63.022516,98.707580,0.197415
full,CVTCOLOR_YUV2BGR_NV42,CV_8U,1,1080x1920,6220800,63.230688,98.382609,0.196765
full,CVTCOLOR_YUV2RGB_NV42,CV_8U,1,1080x1920,6220800,63.231150,98.381890,0.196764
full,CVTCOLOR_YUV2BGR_YUY2,CV_8U,2,1080x1920,6220800,48.554683,128.119465,0.213532
full,CVTCOLOR_YUV2RGB_YUY2,CV_8U,2,1080x1920,6220800,48.658939,127.844959,0.213075
full,CVTCOLOR_YUV2BGR_UYVY,CV_8U,2,1080x1920,6220800,48.675034,127.802685,0.213004
full,CVTCOLOR_YUV2RGB_UYVY,CV_8U,2,1080x1920,6220800,48.669882,127.816212,0.213027
full,CVTCOLOR_BGR2GRAY_F32,CV_32F,3,1080x1920,2073600,2.873847,721.541569,11.544665
full,CVTCOLOR_GRAY2BGR_F32,CV_32F,1,1080x1920,6220800,2.915741,2133.522541,11.378787
full,CVTCOLOR_BGR2RGB_F32,CV_32F,3,1080x1920,6220800,3.331891,1867.047928,14.936383
full,CVTCOLOR_BGR2BGRA_F32,CV_32F,3,1080x1920,8294400,5.515103,1503.943009,10.527601
full,CVTCOLOR_BGRA2BGR_F32,CV_32F,4,1080x1920,6220800,5.051718,1231.422583,11.493277
full,CVTCOLOR_RGB2RGBA_F32,CV_32F,3,1080x1920,8294400,5.518478,1503.023171,10.521162
full,CVTCOLOR_RGBA2RGB_F32,CV_32F,4,1080x1920,6220800,5.045504,1232.939315,11.507434
full,CVTCOLOR_BGR2RGBA_F32,CV_32F,3,1080x1920,8294400,5.560209,1491.742460,10.442197
full,CVTCOLOR_RGBA2BGR_F32,CV_32F,4,1080x1920,6220800,4.859224,1280.204332,11.948574
full,CVTCOLOR_RGB2BGRA_F32,CV_32F,3,1080x1920,8294400,5.551534,1494.073584,10.458515
full,CVTCOLOR_BGRA2RGB_F32,CV_32F,4,1080x1920,6220800,4.855227,1281.258375,11.958411
full,CVTCOLOR_BGRA2RGBA_F32,CV_32F,4,1080x1920,8294400,5.117449,1620.807681,12.966461
full,CVTCOLOR_RGBA2BGRA_F32,CV_32F,4,1080x1920,8294400,5.118836,1620.368349,12.962947
full,CVTCOLOR_GRAY2BGRA_F32,CV_32F,1,1080x1920,8294400,4.281930,1937.070207,9.685351
full,CVTCOLOR_BGRA2GRAY_F32,CV_32F,4,1080x1920,2073600,3.420881,606.159694,12.123194
full,CVTCOLOR_GRAY2RGBA_F32,CV_32F,1,1080x1920,8294400,4.282735,1936.706288,9.683531
full,CVTCOLOR_RGBA2GRAY_F32,CV_32F,4,1080x1920,2073600,3.334501,621.862218,12.437244
full,CVTCOLOR_BGR2YUV_F32,CV_32F,3,1080x1920,6220800,9.275842,670.645295,5.365162
full,CVTCOLOR_YUV2BGR_F32,CV_32F,3,1080x1920,6220800,8.827242,704.727479,5.637820
full,CVTCOLOR_RGB2YUV_F32,CV_32F,3,1080x1920,6220800,9.217638,674.880043,5.399040
full,CVTCOLOR_YUV2RGB_F32,CV_32F,3,1080x1920,6220800,8.861335,702.016142,5.616129
full,THRESH_BINARY,CV_8U,1,1080x1920,2073600,12.924292,160.442064,0.320884
full,THRESH_BINARY,CV_8U,3,1080x1920,6220800,38.732219,160.610473,0.321221
full,THRESH_BINARY_F32,CV_32F,1,1080x1920,2073600,14.744246,140.637911,1.125103
full,THRESH_BINARY_F32,CV_32F,3,1080x1920,6220800,43.520946,142.938070,1.143505
full,THRESH_BINARY_F32,CV_32F,4,1080x1920,8294400,58.005855,142.992462,1.143940
